Latin Name,Common Name,Community,Vegetation Type
Acalypha virginica,Virginia copperleaf,Central Virginia Piedmont Uplands Prairie (Acidic / Nutrient-poor Variant),flowering forb
Acer rubrum,red maple,Piedmont Acidic Oak Hickory Woodland,tree
Acer rubrum,red maple,Piedmont Prairie (acidic wet variant),tree
Achillea borealis,common yarrow,Central Virginia Piedmont Uplands Prairie (Acidic / Nutrient-poor Variant),flowering forb
Actaea racemosa,black cohash,Piedmont Acidic Oak Hickory Woodland,flowering forb
Actaea racemosa,black cohash,Piedmont Acidic Oak Hickory Woodland,flowering forb
Agalinis purpurea,purple false foxglove,Central Virginia Piedmont Uplands Prairie (Acidic / Nutrient-poor Variant),flowering forb
Agalinis tenuifolia,slender false foxglove,Central Virginia Piedmont Uplands Prairie (Acidic / Nutrient-poor Variant),flowering forb
Agrimonia parviflora,harvest-lice,Central Virginia Piedmont Uplands Prairie (Acidic / Nutrient-poor Variant),flowering forb
Agrimonia parviflora,harvest-lice,Piedmont Prairie (acidic wet variant),flowering forb
Agrostis perennans,autumn bentgrass,Central Virginia Piedmont Uplands Prairie (Acidic / Nutrient-poor Variant),graminoid
Agrostis perennans,autumn bentgrass,Piedmont Prairie (acidic wet variant),graminoid
Ambrosia artemisiifolia,common ragweed,Central Virginia Piedmont Uplands Prairie (Acidic / Nutrient-poor Variant),flowering forb
Amelanchier arborea,downy serviceberry,Piedmont Acidic Oak Hickory Woodland,tree
Amphicarpaea bracteata,hog-peanut,Piedmont Acidic Oak Hickory Woodland,flowering forb
Andropogon gyrans,Elliott's bluestem,Central Virginia Piedmont Uplands Prairie (Acidic / Nutrient-poor Variant),graminiod
Andropogon virginicus,broomsedge,Central Virginia Piedmont Uplands Prairie (Acidic / Nutrient-poor Variant),graminoid
Andropogon virginicus,broomsedge,Piedmont Prairie (acidic wet variant),graminoid
Angelica venenosa,hairy angelica,Central Virginia Piedmont Uplands Prairie (Acidic / Nutrient-poor Variant),flowering forb
Antennaria plantaginifolia,plantain-leaved pussytoes,Central Virginia Piedmont Uplands Prairie (Acidic / Nutrient-poor Variant),flowering forb
Apocynum cannabinum,hemp dogbane,Central Virginia Piedmont Uplands Prairie (Acidic / Nutrient-poor Variant),flowering forb
Asclepias tuberosa,butterfly-weed,Central Virginia Piedmont Uplands Prairie (Acidic / Nutrient-poor Variant),flowering forb
Asplenium platyneuron,ebony spleenwort,Piedmont Acidic Oak Hickory Woodland,fern
Athyrium asplenioides,southern lady fern,Piedmont Prairie (acidic wet variant),fern
Aureolaria virginica,downy yellow false foxglove,Piedmont Acidic Oak Hickory Woodland,flowering forb
Baptisia tinctoria,yellow wild indigo,Central Virginia Piedmont Uplands Prairie (Acidic / Nutrient-poor Variant),flowering forb
Boehmeria cylindrica,false nettle,Piedmont Prairie (acidic wet variant),flowering forb
Botrypus virginianus,rattlesnake fern,Piedmont Acidic Oak Hickory Woodland,fern
Cardamine concatenata,cut-leaf toothwort,Piedmont Acidic Oak Hickory Woodland,flowering forb
Carex albicans,white-tinged sedge,Piedmont Acidic Oak Hickory Woodland,graminoid
Carex amphibola,eastern narrow-leaved sedge,Piedmont Acidic Oak Hickory Woodland,graminoid
Carex blanda,eastern woodland sedge,Piedmont Acidic Oak Hickory Woodland,graminoid
Carex communis,fibrous-rooted sedge,Piedmont Acidic Oak Hickory Woodland,graminoid
Carex digitalis,slender woodland sedge,Piedmont Acidic Oak Hickory Woodland,graminoid
Carex festucacea,fescue sedge,Piedmont Prairie (acidic wet variant),graminoid
Carex intumescens var. intumescens,bladder sedge,Piedmont Prairie (acidic wet variant),graminoid
Carex laxiculmis ,spreading sedge,Piedmont Acidic Oak Hickory Woodland,graminoid
Carex laxiflora,broad loose-flowered sedge,Piedmont Acidic Oak Hickory Woodland,graminoid
Carex lurida,sallow sedge,Piedmont Prairie (acidic wet variant),graminoid
Carex pensylvanica,Pennsylvania sedge,Piedmont Acidic Oak Hickory Woodland,graminoid
Carex radiata,eastern star sedge,Piedmont Acidic Oak Hickory Woodland,graminoid
Carex rosea,rosy sedge,Piedmont Acidic Oak Hickory Woodland,graminoid
Carex striatula,lined sedge,Piedmont Acidic Oak Hickory Woodland,graminoid
Carex swanii,Swan's sedge,Piedmont Acidic Oak Hickory Woodland,graminoid
Carex swanii,Swan's sedge,Piedmont Prairie (acidic wet variant),graminoid
Carex tonsa,shaved sedge,Central Virginia Piedmont Uplands Prairie (Acidic / Nutrient-poor Variant),graminoid
Carex tonsa,shaved sedge,Piedmont Acidic Oak Hickory Woodland,graminoid
Carex vulpinoidea,fox sedge,Piedmont Prairie (acidic wet variant),graminoid
Carpinus caroliniana,American hornbeam,Piedmont Acidic Oak Hickory Woodland,tree
Carya cordiformis,bitternut hickory,Piedmont Acidic Oak Hickory Woodland,tree
Carya glabra,pignut hickory,Piedmont Acidic Oak Hickory Woodland,tree
Carya ovalis,red hickory,Piedmont Acidic Oak Hickory Woodland,tree
Carya tomentosa,mockernut hickory,Piedmont Acidic Oak Hickory Woodland,tree
Castanea pumila,Allegheny chinkapin,Piedmont Acidic Oak Hickory Woodland,tree
Cercis canadensis var. canadensis,redbud,Piedmont Acidic Oak Hickory Woodland,tree
Chamaecrista nictitans,wild sensitive plant,Central Virginia Piedmont Uplands Prairie (Acidic / Nutrient-poor Variant),flowering forb
Chimaphila maculata,striped wintergreen,Piedmont Acidic Oak Hickory Woodland,flowering forb
Chionanthus virginicus,fringetree,Piedmont Acidic Oak Hickory Woodland,tree
Chrysogonum virginianum var. virginianum,green and gold,Piedmont Acidic Oak Hickory Woodland,flowering forb
Chrysopsis mariana,Maryland golden-aster,Central Virginia Piedmont Uplands Prairie (Acidic / Nutrient-poor Variant),flowering forb
Cirsium discolor,field thistle,Central Virginia Piedmont Uplands Prairie (Acidic / Nutrient-poor Variant),flowering forb
Clitoria mariana,butterfly pea,Central Virginia Piedmont Uplands Prairie (Acidic / Nutrient-poor Variant),flowering forb
Coleataenia anceps,beaked panic grass,Central Virginia Piedmont Uplands Prairie (Acidic / Nutrient-poor Variant),graminoid
Conyza canadensis,horseweed,Central Virginia Piedmont Uplands Prairie (Acidic / Nutrient-poor Variant),flowering forb
Coreopsis auriculata,mouse-ear coreopsis,Piedmont Acidic Oak Hickory Woodland,flowering forb
Coreopsis verticillata,whorled coreopsis,Central Virginia Piedmont Uplands Prairie (Acidic / Nutrient-poor Variant),flowering forb
Cornus florida,flowering dogwood,Piedmont Acidic Oak Hickory Woodland,tree
Cyperus echinatus,globe flatsedge ,Central Virginia Piedmont Uplands Prairie (Acidic / Nutrient-poor Variant),graminoid
Cyperus odoratus,fragrant flatsedge,Piedmont Prairie (acidic wet variant),graminoid
Danthonia spicata,poverty oatgrass,Central Virginia Piedmont Uplands Prairie (Acidic / Nutrient-poor Variant),graminoid
Danthonia spicata,poverty oatgrass,Piedmont Acidic Oak Hickory Woodland,graminoid
Dennstaedtia punctilobula,hay-scented fern,Piedmont Acidic Oak Hickory Woodland,fern
Desmodium marilandicum,Maryland tick-trefoil,Central Virginia Piedmont Uplands Prairie (Acidic / Nutrient-poor Variant),flowering forb
Desmodium paniculatum,narrow-leaf tick-trefoil,Central Virginia Piedmont Uplands Prairie (Acidic / Nutrient-poor Variant),flowering forb
Desmodium paniculatum var. paniculatum,narrow-leaf tick-trefoil,Piedmont Acidic Oak Hickory Woodland,flowering forb
Desmodium rotundifolium,round-leaf tick-trefoil,Central Virginia Piedmont Uplands Prairie (Acidic / Nutrient-poor Variant),flowering forb
Dichanthelium acuminatum,wooly panic grass,Piedmont Acidic Oak Hickory Woodland,graminoid
Dichanthelium acuminatum var. acuminatum,woolly panic grass,Central Virginia Piedmont Uplands Prairie (Acidic / Nutrient-poor Variant),graminoid
Dichanthelium acuminatum var. fasciculatum,slender-stemmed panic grass,Central Virginia Piedmont Uplands Prairie (Acidic / Nutrient-poor Variant),graminoid
Dichanthelium boscii,Bosc's panic grass,Central Virginia Piedmont Uplands Prairie (Acidic / Nutrient-poor Variant),graminoid
Dichanthelium boscii,Bosc's panic grass,Piedmont Acidic Oak Hickory Woodland,graminoid
Dichanthelium clandestinum,deer-tongue grass,Central Virginia Piedmont Uplands Prairie (Acidic / Nutrient-poor Variant),graminoid
Dichanthelium clandestinum,deer-tongue grass,Piedmont Prairie (acidic wet variant),graminoid
Dichanthelium commutatum var. commutatum,variable panic grass,Central Virginia Piedmont Uplands Prairie (Acidic / Nutrient-poor Variant),graminoid
Dichanthelium commutatum var. commutatum,variable panic grass,Piedmont Acidic Oak Hickory Woodland,graminoid
Dichanthelium depauperatum,starved panic grass,Central Virginia Piedmont Uplands Prairie (Acidic / Nutrient-poor Variant),graminoid
Dichanthelium dichotomum var. dichotomum,small-fruited panic grass,Piedmont Acidic Oak Hickory Woodland,graminoid
Dichanthelium microcarpon,branched panic grass,Central Virginia Piedmont Uplands Prairie (Acidic / Nutrient-poor Variant),graminoid
Dichanthelium scoparium,velvet panic grass,Piedmont Prairie (acidic wet variant),graminoid
Diodia teres,common buttonweed,Central Virginia Piedmont Uplands Prairie (Acidic / Nutrient-poor Variant),flowering forb
Diospyros virginiana,persimmon,Piedmont Acidic Oak Hickory Woodland,tree
Dryopteris marginalis,marginal wood fern,Piedmont Acidic Oak Hickory Woodland,fern
Eleocharis tenuis,slender spikerush,Piedmont Prairie (acidic wet variant),graminoid
Elymus virginicus,Virginia wild rye,Central Virginia Piedmont Uplands Prairie (Acidic / Nutrient-poor Variant),graminoid
Elymus virginicus,Virginia wild rye,Piedmont Prairie (acidic wet variant),graminoid
Endodeca serpentaria,Virginia snake root,Piedmont Acidic Oak Hickory Woodland,flowering forb
Eragrostis spectabilis,purple lovegrass,Central Virginia Piedmont Uplands Prairie (Acidic / Nutrient-poor Variant),graminoid
Erechtites hieraciifolius,fireweed,Central Virginia Piedmont Uplands Prairie (Acidic / Nutrient-poor Variant),flowering forb
Erigeron strigosus ,daisy fleabane,Central Virginia Piedmont Uplands Prairie (Acidic / Nutrient-poor Variant),flowering forb
Euonymus americanus,strawberry shrub,Piedmont Acidic Oak Hickory Woodland,shrub
Eupatorium godfreyanum,Godfrey's thoroughwort,Central Virginia Piedmont Uplands Prairie (Acidic / Nutrient-poor Variant),flowering forb
Eupatorium hyssopifolium,hyssop-leaved thoroughwort,Central Virginia Piedmont Uplands Prairie (Acidic / Nutrient-poor Variant),flowering forb
Eupatorium pubescens,hairy thoroughwort,Central Virginia Piedmont Uplands Prairie (Acidic / Nutrient-poor Variant),flowering forb
Eupatorium rotundifolium,roundleaf thoroughwort,Central Virginia Piedmont Uplands Prairie (Acidic / Nutrient-poor Variant),flowering forb
Euphorbia corollata,flowering spurge,Central Virginia Piedmont Uplands Prairie (Acidic / Nutrient-poor Variant),flowering forb
Euphorbia corollata,flowering spurge,Piedmont Acidic Oak Hickory Woodland,flowering forb
Eutrochium fistulosum,hollow-stemmed joe-pye,Piedmont Prairie (acidic wet variant),flowering forb
Fagus grandifolia,American beech,Piedmont Acidic Oak Hickory Woodland,tree
Festuca subverticillata,nodding fescue,Piedmont Acidic Oak Hickory Woodland,graminoid
Fragaria virginiana,wild strawberry,Central Virginia Piedmont Uplands Prairie (Acidic / Nutrient-poor Variant),flowering forb
Fraxinus americana,white ash,Piedmont Acidic Oak Hickory Woodland,tree
Galium aparine,cleavers,Piedmont Acidic Oak Hickory Woodland,flowering forb
Galium circaezans,forest bedstraw,Piedmont Acidic Oak Hickory Woodland,flowering forb
Galium latifolium,purple bedstraw,Piedmont Acidic Oak Hickory Woodland,flowering forb
Galium obtusum,bluntleaf bedstraw,Piedmont Prairie (acidic wet variant),flowering forb
Galium pilosum,hairy bedstraw,Central Virginia Piedmont Uplands Prairie (Acidic / Nutrient-poor Variant),flowering forb
Galium triflorum,sweet-scented bedstraw,Piedmont Acidic Oak Hickory Woodland,flowering forb
Galium triflorum,sweet-scented bedstraw,Piedmont Acidic Oak Hickory Woodland,flowering forb
Gaylussacia baccata,black huckleberry,Piedmont Acidic Oak Hickory Woodland,shrub
Goodyera pubescens,rattlesnake plantain,Piedmont Acidic Oak Hickory Woodland,orchid
Hieracium gronovii,hairy hawkweed,Central Virginia Piedmont Uplands Prairie (Acidic / Nutrient-poor Variant),flowering forb
Houstonia purpurea,summer bluets,Piedmont Acidic Oak Hickory Woodland,flowering forb
Hylodesmum nudiflorum,naked-flowered tick-trefoil,Piedmont Acidic Oak Hickory Woodland,flowering forb
Hypericum gentianoides,pineweed,Central Virginia Piedmont Uplands Prairie (Acidic / Nutrient-poor Variant),flowering forb
Hypericum hypericoides var. multicaule,low st. Andrew's cross,Central Virginia Piedmont Uplands Prairie (Acidic / Nutrient-poor Variant),flowering forb
Hypericum punctatum,spotted st. John's wort,Central Virginia Piedmont Uplands Prairie (Acidic / Nutrient-poor Variant),flowering forb
Ilex verticillata,winterberry,Piedmont Prairie (acidic wet variant),shrub
Impatiens capensis,orange jewelweed,Piedmont Prairie (acidic wet variant),flowering forb
Ipomoea pandurata,wild potato-vine,Piedmont Prairie (acidic wet variant),flowering forb
Juglans nigra,black walnut,Piedmont Acidic Oak Hickory Woodland,tree
Juncus acuminatus,sharp-fruited rush,Piedmont Prairie (acidic wet variant),graminoid
Juncus effusus,soft rush,Piedmont Prairie (acidic wet variant),graminoid
Juncus tenuis,path rush,Central Virginia Piedmont Uplands Prairie (Acidic / Nutrient-poor Variant),graminoid
Juncus tenuis,path rush,Piedmont Prairie (acidic wet variant),graminoid
Juniperus virginiana var. virginiana,eastern red cedar,Piedmont Acidic Oak Hickory Woodland,tree
Kalmia latifolia,mountain-laurel,Piedmont Acidic Oak Hickory Woodland,shrub
Lactuca floridana,Florida blue lettuce,Piedmont Acidic Oak Hickory Woodland,flowering forb
Lechea racemulosa,common pinweed,Central Virginia Piedmont Uplands Prairie (Acidic / Nutrient-poor Variant),flowering forb
Leersia virginica,white grass,Piedmont Acidic Oak Hickory Woodland,graminoid
Lespedeza procumbens,trailing lespedeza,Central Virginia Piedmont Uplands Prairie (Acidic / Nutrient-poor Variant),flowering forb
Lespedeza repens,creeping lespedeza,Central Virginia Piedmont Uplands Prairie (Acidic / Nutrient-poor Variant),flowering forb
Lespedeza violacea,wand lespedeza,Central Virginia Piedmont Uplands Prairie (Acidic / Nutrient-poor Variant),flowering forb
Lindera benzoin,spicebush,Piedmont Acidic Oak Hickory Woodland,shrub
Liriodendron tulipifera,tuliptree,Piedmont Acidic Oak Hickory Woodland,tree
Lobelia inflata,Indian-tobacco,Central Virginia Piedmont Uplands Prairie (Acidic / Nutrient-poor Variant),flowering forb
Lobelia inflata,Indian tobacco,Piedmont Acidic Oak Hickory Woodland,flowering forb
Ludwigia alternifolia,alternate-leaf seedbox,Piedmont Prairie (acidic wet variant),flowering forb
Lyonia ligustrina,maleberry,Piedmont Prairie (acidic wet variant),shrub
Lysimachia ciliata,fringed loosestrife,Piedmont Prairie (acidic wet variant),flowering forb
Lysimachia quadrifolia,whorled loostrife,Central Virginia Piedmont Uplands Prairie (Acidic / Nutrient-poor Variant),flowering forb
Lysimachia quadrifolia,whorled loosetrife,Piedmont Acidic Oak Hickory Woodland,flowering forb
Maianthemum racemosum,false Solomon's seal,Piedmont Acidic Oak Hickory Woodland,flowering forb
Mimulus ringens,Allegheny monkeyflower,Piedmont Prairie (acidic wet variant),flowering forb
Monotropa uniflora,Indian pipe,Piedmont Acidic Oak Hickory Woodland,parasitic plant
Nyssa sylvatica,blackgum,Piedmont Acidic Oak Hickory Woodland,tree
Oenothera biennis,evening primrose,Central Virginia Piedmont Uplands Prairie (Acidic / Nutrient-poor Variant),flowering forb
Onoclea sensibilis,sensitive fern,Piedmont Prairie (acidic wet variant),fern
Oxalis dillenii,southern yellow wood-sorrel,Central Virginia Piedmont Uplands Prairie (Acidic / Nutrient-poor Variant),flowering forb
Oxalis dillenii,southern yellow wood sorrel,Piedmont Acidic Oak Hickory Woodland,flowering forb
Oxalis stricta,common yellow-wood-sorrel,Central Virginia Piedmont Uplands Prairie (Acidic / Nutrient-poor Variant),flowering forb
Oxalis violacea,violet woodsorrel,Piedmont Acidic Oak Hickory Woodland,flowering forb
Packera anonyma,Small's ragwort,Central Virginia Piedmont Uplands Prairie (Acidic / Nutrient-poor Variant),flowering forb
Panicum dichotomiflorum,fall panic grass,Central Virginia Piedmont Uplands Prairie (Acidic / Nutrient-poor Variant),graminoid
Parathelypteris noveboracensis,New York fern,Piedmont Acidic Oak Hickory Woodland,fern
Parthenocissus quinquefolia,Virginia-creeper,Piedmont Acidic Oak Hickory Woodland,vine
Paspalum floridanum,Florida paspalum,Central Virginia Piedmont Uplands Prairie (Acidic / Nutrient-poor Variant),graminoid
Persicaria sagittata,arrow-leaf tearthumb,Piedmont Prairie (acidic wet variant),flowering forb
Phryma leptostachya var. leptostachya,lopseed,Piedmont Acidic Oak Hickory Woodland,flowering forb
Phytolacca americana,pokeweed,Central Virginia Piedmont Uplands Prairie (Acidic / Nutrient-poor Variant),flowering forb
Pinus echinata,shortleaf pine,Piedmont Acidic Oak Hickory Woodland,tree
Pinus strobus,white pine,Piedmont Acidic Oak Hickory Woodland,tree
Pinus virginiana,Virginia pine,Piedmont Acidic Oak Hickory Woodland,tree
Plantago virginica,Virginia plantain,Central Virginia Piedmont Uplands Prairie (Acidic / Nutrient-poor Variant),flowering forb
Platanthera lacera,ragged fringed orchid,Piedmont Prairie (acidic wet variant),orchid
Poa autumnalis,autumn bluegrass,Piedmont Acidic Oak Hickory Woodland,graminoid
Podophyllum peltatum,mayapple,Piedmont Acidic Oak Hickory Woodland,flowering forb
Polygala sanguinea,field milkwort,Central Virginia Piedmont Uplands Prairie (Acidic / Nutrient-poor Variant),flowering forb
Polygala verticillata,whorled milkwort,Central Virginia Piedmont Uplands Prairie (Acidic / Nutrient-poor Variant),flowering forb
Polygonatum biflorum,Solomon's seal,Piedmont Acidic Oak Hickory Woodland,flowering forb
Polystichum acrostichoides,Christmas fern,Piedmont Acidic Oak Hickory Woodland,fern
Potentilla canadensis,dwarf cinquefoil,Central Virginia Piedmont Uplands Prairie (Acidic / Nutrient-poor Variant),flowering forb
Potentilla canadensis var. canadensis,dwarf cinquefoil,Piedmont Acidic Oak Hickory Woodland,flowering forb
Potentilla simplex,common cinquefoil,Central Virginia Piedmont Uplands Prairie (Acidic / Nutrient-poor Variant),flowering forb
Potentilla simplex,common cinquefoil,Piedmont Acidic Oak Hickory Woodland,flowering forb
Prenanthes trifoliolata,gall-of-the-earth,Central Virginia Piedmont Uplands Prairie (Acidic / Nutrient-poor Variant),flowering forb
Prunella vulgaris,heal-all,Central Virginia Piedmont Uplands Prairie (Acidic / Nutrient-poor Variant),flowering forb
Prunus serotina,black cherry,Piedmont Acidic Oak Hickory Woodland,tree
Pseudognaphalium obtusifolium,sweet everlasting,Central Virginia Piedmont Uplands Prairie (Acidic / Nutrient-poor Variant),flowering forb
Pteridium aquilinum,bracken fern,Central Virginia Piedmont Uplands Prairie (Acidic / Nutrient-poor Variant),fern
Pycnanthemum tenuifolium,narrow-leaved mountain mint,Central Virginia Piedmont Uplands Prairie (Acidic / Nutrient-poor Variant),flowering forb
Pynanthemum muticum,broad leaved mountainmint,Central Virginia Piedmont Uplands Prairie (Acidic / Nutrient-poor Variant),flowering forb
Quercus alba,white oak,Piedmont Acidic Oak Hickory Woodland,tree
Quercus coccinea,scarlet oak,Piedmont Acidic Oak Hickory Woodland,tree
Quercus falcata,southern red oak,Piedmont Acidic Oak Hickory Woodland,tree
Quercus fernowii,Fernow oak (alba x stellata),Piedmont Acidic Oak Hickory Woodland,tree
Quercus montana,chestnut oak,Piedmont Acidic Oak Hickory Woodland,tree
Quercus rubra,red oak,Piedmont Acidic Oak Hickory Woodland,tree
Quercus stellata,post oak,Piedmont Acidic Oak Hickory Woodland,tree
Quercus velutina,black oak,Piedmont Acidic Oak Hickory Woodland,tree
Rhexia virginica,Virginia meadow beauty,Piedmont Prairie (acidic wet variant),flowering forb
Rhododendron periclymenoides,wild azalea,Piedmont Acidic Oak Hickory Woodland,shrub
Robinia pseudoacacia,black locust ,Piedmont Acidic Oak Hickory Woodland,tree
Rosa carolina,Carolina rose,Central Virginia Piedmont Uplands Prairie (Acidic / Nutrient-poor Variant),shrub
Rosa carolina,Carolina rose,Piedmont Acidic Oak Hickory Woodland,shrub
Rosa palustris,swamp rose,Piedmont Prairie (acidic wet variant),shrub
Rubus flagellaris,common dewberry,Piedmont Acidic Oak Hickory Woodland,shrub
Rubus occidentalis,black raspberry,Piedmont Acidic Oak Hickory Woodland,shrub
Rubus pensilvanicus,Pennsylvania blackberry,Piedmont Acidic Oak Hickory Woodland,shrub
Rubus pensilvanicus,Pennsylvania blackberry,Piedmont Prairie (acidic wet variant),shrub
Rudbeckia hirta,black-eyed Susan,Central Virginia Piedmont Uplands Prairie (Acidic / Nutrient-poor Variant),flowering forb
Ruellia caroliniensis,Carolina wild petunia,Piedmont Acidic Oak Hickory Woodland,flowering forb
Sagittaria latifola,broad-leaved arrowhead,Piedmont Prairie (acidic wet variant),flowering forb
Salix sericea,silky willow,Piedmont Prairie (acidic wet variant),shrub
Sambucus canadensis,American elderberry,Piedmont Prairie (acidic wet variant),shrub
Sassafras albidum,sassafras,Piedmont Acidic Oak Hickory Woodland,tree
Schizachyrium scoparium,little bluestem,Central Virginia Piedmont Uplands Prairie (Acidic / Nutrient-poor Variant),graminoid
Scirpus georgianus,Georgia bulrush,Piedmont Prairie (acidic wet variant),graminoid
Scirpus polyphyllus,leafy bulrush,Piedmont Prairie (acidic wet variant),graminoid
Scutellaria elliptica,hairy skullcap,Piedmont Acidic Oak Hickory Woodland,flowering forb
Scutellaria integrifolia,hyssop skullcap,Central Virginia Piedmont Uplands Prairie (Acidic / Nutrient-poor Variant),flowering forb
Scutellaria integrifolia,hyssop skullcap,Piedmont Prairie (acidic wet variant),flowering forb
Sericocarpus asteroides,toothed white-topped aster,Central Virginia Piedmont Uplands Prairie (Acidic / Nutrient-poor Variant),flowering forb
Silene stellata,starry campion,Central Virginia Piedmont Uplands Prairie (Acidic / Nutrient-poor Variant),flowering forb
Silphium asteriscus var. trifoliatum,whorled rosinweed,Piedmont Acidic Oak Hickory Woodland,flowering forb
Sisyrinchium angustifolium,narrow-leaf blue-eyed grass,Piedmont Prairie (acidic wet variant),flowering forb
Sisyrynchium angustifolium,narrow-leaf blue-eyed grass,Central Virginia Piedmont Uplands Prairie (Acidic / Nutrient-poor Variant),flowering forb
Smilax glauca,white-leaf greenbrier,Piedmont Acidic Oak Hickory Woodland,vine
Smilax rotundifolia,common greenbrier,Piedmont Acidic Oak Hickory Woodland,vine
Solanum carolinense,horse-nettle,Central Virginia Piedmont Uplands Prairie (Acidic / Nutrient-poor Variant),flowering forb
Solanum carolinense,horse-nettle,Piedmont Prairie (acidic wet variant),flowering forb
Solidago altissima,tall goldenrod,Central Virginia Piedmont Uplands Prairie (Acidic / Nutrient-poor Variant),flowering forb
Solidago altissima,tall goldenrod,Piedmont Prairie (acidic wet variant),flowering forb
Solidago caesia,blue-stemmed goldenrod,Piedmont Acidic Oak Hickory Woodland,flowering forb
Solidago canadensis,Canada goldenrod,Central Virginia Piedmont Uplands Prairie (Acidic / Nutrient-poor Variant),flowering forb
Solidago erecta,slender goldenrod,Central Virginia Piedmont Uplands Prairie (Acidic / Nutrient-poor Variant),flowering forb
Solidago gigantea,late goldenrod,Central Virginia Piedmont Uplands Prairie (Acidic / Nutrient-poor Variant),flowering forb
Solidago gigantea,late goldenrod,Piedmont Prairie (acidic wet variant),flowering forb
Solidago juncea,early goldenrod,Central Virginia Piedmont Uplands Prairie (Acidic / Nutrient-poor Variant),flowering forb
Solidago nemoralis,gray goldenrod,Central Virginia Piedmont Uplands Prairie (Acidic / Nutrient-poor Variant),flowering forb
Solidago rugosa,rough-stemmed goldenrod,Central Virginia Piedmont Uplands Prairie (Acidic / Nutrient-poor Variant),flowering forb
Solidago rugosa,rough-leaved goldenrod,Piedmont Prairie (acidic wet variant),flowering forb
Solidago speciosa,showy goldenrod,Central Virginia Piedmont Uplands Prairie (Acidic / Nutrient-poor Variant),flowering forb
Sphenopholis nitida,shiny wedgegrass,Piedmont Acidic Oak Hickory Woodland,graminoid
Stellaria pubera,star chickweed,Piedmont Acidic Oak Hickory Woodland,flowering forb
Stylosanthes biflora,pencilflower,Central Virginia Piedmont Uplands Prairie (Acidic / Nutrient-poor Variant),flowering forb
Symphyotrichum dumosum,bushy aster,Central Virginia Piedmont Uplands Prairie (Acidic / Nutrient-poor Variant),flowering forb
Symphyotrichum lateriflorum,calico aster,Central Virginia Piedmont Uplands Prairie (Acidic / Nutrient-poor Variant),flowering forb
Symphyotrichum lateriflorum,calico aster,Piedmont Prairie (acidic wet variant),flowering forb
Symphyotrichum patens,late purple aster,Central Virginia Piedmont Uplands Prairie (Acidic / Nutrient-poor Variant),flowering forb
Symphyotrichum pilosum,frost aster,Central Virginia Piedmont Uplands Prairie (Acidic / Nutrient-poor Variant),flowering forb
Symphyotrichum puniceum,purple-stem aster,Piedmont Prairie (acidic wet variant),flowering forb
Symphyotrichum undulatum,wavyleaf aster,Central Virginia Piedmont Uplands Prairie (Acidic / Nutrient-poor Variant),flowering forb
Thelypteris palustris,marsh fern,Piedmont Prairie (acidic wet variant),fern
Toxicodendron radicans,poison ivy,Piedmont Acidic Oak Hickory Woodland,vine
Trichostema dichotomum,blue-curls,Central Virginia Piedmont Uplands Prairie (Acidic / Nutrient-poor Variant),flowering forb
Tridens flavus,tall redtop,Central Virginia Piedmont Uplands Prairie (Acidic / Nutrient-poor Variant),graminoid
Uvularia perfoliata,perfoliate bellwort,Piedmont Acidic Oak Hickory Woodland,flowering forb
Vaccinium pallidum,hillside blueberry,Piedmont Acidic Oak Hickory Woodland,shrub
Vaccinium stamineum,deerberry,Piedmont Acidic Oak Hickory Woodland,shrub
Vernonia glauca,upland ironweed,Central Virginia Piedmont Uplands Prairie (Acidic / Nutrient-poor Variant),flowering forb
Vernonia noveboracensis,New York ironweed,Piedmont Prairie (acidic wet variant),flowering forb
Viburnum acerifolium,mapleleaf viburnum,Piedmont Acidic Oak Hickory Woodland,shrub
Viburnum dentatum,arrowwood vuburnum,Piedmont Prairie (acidic wet variant),shrub
Viburnum prunifolium,black haw viburnum,Piedmont Acidic Oak Hickory Woodland,shrub
Viola hirsutula,southern wood violet,Piedmont Acidic Oak Hickory Woodland,flowering forb
Viola palmata,wood violet,Piedmont Acidic Oak Hickory Woodland,flowering forb
Viola sagittata,arrow-leaved violet,Central Virginia Piedmont Uplands Prairie (Acidic / Nutrient-poor Variant),flowering forb
Viola sororia,common blue violet,Piedmont Acidic Oak Hickory Woodland,flowering forb
Vitis cinerea,graybark grape,Piedmont Acidic Oak Hickory Woodland,vine
Vitis vulpina,fox grape,Piedmont Acidic Oak Hickory Woodland,vine